,id_,x,y,label
0,38,11.333616658271147,-13.439671861053334,sitting individual
1,39,7.295201527163037,-5.797079784977771,sitting individual
2,40,4.841755775468325,-2.9311077564494346,sitting individual
3,41,7.01294670617161,-11.35532856757818,standing interactive
4,42,6.3181656083465585,-12.440924032929821,standing interactive
5,43,7.77286353191776,-13.939045775115089,standing individual
6,44,3.5390412170463543,-9.813783006778847,standing individual
7,45,4.429229498634701,-10.465140285989833,standing individual
