,id_,x,y,label
0,38,11.333616658271147,-13.439671861053334,sitting individual
1,46,11.35532856757818,-12.245516849166526,sitting individual
2,47,10.551987923217965,-10.334868830147636,sitting individual
3,48,4.885179594082391,-2.9311077564494346,sitting individual
4,49,9.705223460243683,-4.906891503389423,sitting individual
5,50,4.060127040415143,-5.471401145372278,sitting interactive
6,51,3.452193579818223,-6.122758424583263,sitting interactive
7,52,9.379544820638191,-12.57119548877202,standing individual
