,id_,x,y,label
0,50,10.0719058136221,-1.1757088498391557,sitting individual
1,52,17.30251524013291,-5.055548054308369,sitting individual
2,53,15.538951965374174,-3.0176527145871663,sitting remote
3,58,19.92826500477369,-8.915792111280265,sitting interactive
4,60,18.81134159742649,-9.052958143761499,sitting interactive
5,62,17.53765701010074,-6.564374411601953,standing interactive
6,63,24.376363486665163,-2.6453449121381003,sitting individual
7,64,19.34041057985411,-5.231904381784243,sitting remote
8,65,20.810046642153058,-5.9177345441904174,sitting remote
