,id_,x,y,label
0,50,10.0719058136221,-1.1757088498391557,sitting individual
1,53,15.538951965374174,-3.0176527145871663,sitting remote
2,63,24.376363486665163,-2.6453449121381003,sitting individual
3,64,19.34041057985411,-5.231904381784243,sitting remote
4,65,20.810046642153058,-5.9177345441904174,sitting remote
5,66,16.695065667716012,-5.114333496800327,sitting interactive
6,68,17.655227895084657,-1.0777331123525595,sitting individual
7,71,19.98705044726565,-8.210366801376772,sitting remote
8,72,16.753851110207968,-9.444861093707884,sitting individual
