,id_,x,y,label
0,63,24.376363486665163,-2.6453449121381003,sitting individual
1,64,19.34041057985411,-5.231904381784243,sitting remote
2,65,20.810046642153058,-5.9177345441904174,sitting remote
3,66,16.695065667716012,-5.114333496800327,sitting interactive
4,71,19.98705044726565,-8.210366801376772,sitting remote
5,72,16.753851110207968,-9.444861093707884,sitting individual
6,73,16.303162717769627,-5.114333496800327,sitting interactive
7,74,2.449393437164908,-0.6466398674115357,standing remote
