,id_,x,y,label
0,75,22.181706966965404,-8.857006668788307,standing remote
1,76,24.278387749178567,-2.66494005963542,sitting individual
