,id_,x,y,label
0,62,8.771611360041272,-13.917333865808056,standing interactive
1,63,3.604176944967453,-13.939045775115089,standing interactive
