,id_,x,y,label
0,72,11.268480930350048,-13.483095679667398,sitting interactive
1,73,12.41921212362279,-13.700214772737727,standing interactive
2,74,12.41921212362279,-13.26597658659707,standing interactive
3,76,8.141965990137319,-14.02589341234322,standing individual
4,77,5.818791694284803,-10.29144501153357,sitting individual
5,78,6.6655561572590845,-14.02589341234322,standing individual
6,79,10.638835560446095,-1.8238003817907593,sitting interactive
7,80,9.857206825392913,-3.4956173984322887,sitting interactive
8,81,14.78581023808937,-2.8442601192213033,sitting remote
