,id_,x,y,label
0,64,6.55699661072392,-12.462635942236854,standing individual
1,65,11.333616658271147,-13.396248042439268,sitting individual
2,66,8.793323269348303,-13.982469593729155,standing interactive
