,id_,x,y,label
0,67,7.251777708548971,-12.50605976085092,standing individual
1,68,5.9924869687410665,-12.57119548877202,standing individual
2,69,11.290192839657081,-11.659295297876639,standing interactive
3,70,11.35532856757818,-12.223804939859495,sitting interactive
