,id_,x,y,label
0,122,9.661799641629617,-4.928603412696456,sitting individual
1,123,3.2350744867478944,-2.562005298229876,sitting individual
2,124,11.290192839657081,-13.417959951746301,sitting interactive
3,125,11.463888114113344,-12.810026491149381,sitting interactive
4,127,11.377040476885213,-12.41921212362279,standing interactive
5,128,11.181633293121918,-9.422968639252256,sitting interactive
6,129,10.573699832524998,-10.269733102226537,sitting interactive
