,id_,x,y,label
0,122,9.661799641629617,-4.928603412696456,sitting individual
1,123,3.2350744867478944,-2.562005298229876,sitting individual
2,128,11.181633293121918,-9.422968639252256,sitting interactive
3,129,10.573699832524998,-10.269733102226537,sitting interactive
4,130,16.739882075722328,-7.3603372550841355,standing interactive
5,131,16.76159398502936,-4.2772461334854714,standing interactive
6,132,11.44217620480631,-13.396248042439268,sitting individual
