,id_,x,y,label
0,123,3.2350744867478944,-2.562005298229876,sitting individual
1,132,11.44217620480631,-13.396248042439268,sitting individual
2,134,11.615871479262575,-11.333616658271147,standing interactive
3,135,11.35532856757818,-12.267228758473559,sitting interactive
4,136,2.4968695703087778,-8.402508901821712,standing interactive
5,137,6.405013245574691,-13.939045775115089,standing individual
6,138,10.508564104603899,-1.9106480190188906,sitting individual
