,id_,x,y,label
0,16,-5.032679407355641,1.9269268001136461,sitting individual
1,20,-5.0100096802954805,4.261908687310182,sitting individual
2,24,-3.7178352378663293,8.138432014597635,sitting individual
3,25,-3.672495783746008,10.45074417473401,sitting individual
4,26,-5.032679407355641,10.496083628854333,sitting interactive
5,27,-5.055349134415802,9.249248640545503,sitting interactive
6,28,-3.74050496492649,9.317257821725983,sitting interactive
7,29,-6.982275934529447,7.004945661589608,sitting individual
8,30,-6.959606207469287,8.183771468717957,sitting individual
