,id_,x,y,label
0,38,-10.972147897117702,13.669845417276807,sitting individual
1,39,-3.6951655108061687,0.7707707200454585,sitting individual
