,id_,x,y,label
0,31,-4.14856005200938,12.06029479600541,standing individual
1,32,-3.672495783746008,9.317257821725983,sitting individual
2,33,-3.6498260566858476,0.793440447105619,sitting individual
3,34,-6.914266753348966,0.793440447105619,sitting individual
4,36,-8.251780649898437,3.1057526072419943,sitting individual
5,37,-5.032679407355641,0.8161101741657796,sitting individual
